6.527267217636108,187
6.538132190704346,-16
6.5495452880859375,2
6.561023235321045,-62
6.572721481323242,-65
6.583820819854736,48
6.595052003860474,12
6.606731653213501,66
6.618204355239868,173
6.629075765609741,69
6.640843868255615,34
6.65164852142334,3
6.663161993026733,41
6.674410581588745,20
6.685959339141846,138
6.69744348526001,16
6.70854926109314,39
6.719928741455078,10
6.7315919399261475,109
6.742696523666382,122
6.754096269607544,29
6.765588283538818,27
6.777233839035034,-6
6.788305282592773,-115
6.799618721008301,91
6.81081223487854,61
6.822666883468628,2
6.833625078201294,-91
6.845249176025391,-167
6.856489896774292,-114
6.8680806159973145,-47
6.8792335987091064,50
6.890547037124634,105
6.901910781860352,100
6.913141489028931,98
6.931970834732056,-40
6.936015605926514,-92
6.958996057510376,36
6.959805011749268,-181
6.970207929611206,-231
6.981525659561157,31
6.992876768112183,19
7.004411458969116,-29
7.0155816078186035,-21
7.0271289348602295,-7
7.03843355178833,29
7.049664497375488,18
7.061312437057495,155
7.072472810745239,213
7.083698511123657,35
7.095195293426514,56
7.106557369232178,21
7.117953538894653,64
7.129374027252197,85
7.140558958053589,31
7.151928186416626,9
7.163348913192749,-21
7.174736738204956,22
7.186172246932983,125
7.197435140609741,98
7.208924293518066,-77
7.220365524291992,-123
7.2314770221710205,-3
7.242941379547119,43
7.254455804824829,-107
7.26574969291687,-73
7.2772536277771,-42
7.288515567779541,-155
7.299834966659546,-33
7.311239242553711,-20
7.322571039199829,-106
7.333825588226318,-63
7.345336675643921,-77
7.356679677963257,-111
7.368163585662842,-107
7.379515886306763,-7
7.390727519989014,-57
7.402155637741089,18
7.41360330581665,-37
7.425003528594971,-72
7.436341762542725,-113
7.447447776794434,7
7.459198713302612,-118
7.470744371414185,-101
7.481682300567627,91
7.493005275726318,72
7.504385948181152,-8
7.5157623291015625,48
7.527199983596802,78
7.538594007492065,-64
7.55000114440918,-126
7.561668872833252,-21
7.572659254074097,23
7.584028482437134,122
7.595657825469971,160
7.607046365737915,18
7.618056058883667,-17
7.629512071609497,-71
7.641336679458618,-186
7.652294874191284,-78
7.6636223793029785,46
7.675078868865967,53
7.686541318893433,57
7.6977033615112305,-9
7.70911169052124,-68
7.720438480377197,14
7.73168683052063,41
7.743272066116333,95
7.754760026931763,133
7.766050815582275,77
7.777224540710449,-5
7.788569211959839,84
7.800089359283447,5
7.8114564418792725,-118
7.823100805282593,-122
7.834188461303711,210
7.845621347427368,70
7.8571367263793945,-11
7.868248701095581,-45
7.879853010177612,-46
7.8910932540893555,-73
7.9025843143463135,-138
7.9137914180755615,-81
7.925135135650635,19
7.9364354610443115,-41
7.948035717010498,1
7.959477663040161,39
7.970596790313721,-136
7.9822142124176025,-176
7.993628025054932,-15
8.004771947860718,94
8.016204357147217,38
8.027639150619507,-29
8.038992881774902,-26
8.050394296646118,-59
8.061804294586182,-141
8.072941303253174,37
8.084414720535278,81
8.095618724822998,13
8.107105016708374,-24
8.118632316589355,-57
8.129807233810425,-33
8.141371965408325,-10
8.152708053588867,-171
8.164112091064453,-70
8.175297021865845,121
8.1866455078125,50
8.198134422302246,78
8.209408283233643,-94
8.220685958862305,-98
8.232455015182495,31
8.243528842926025,32
8.254855394363403,130
8.26622223854065,40
8.277647733688354,51
8.288835287094116,82
8.300487041473389,-88
8.311678409576416,-32
8.323036432266235,79
8.334510087966919,242
8.345740795135498,132
8.357336282730103,-16375
8.368544340133667,108
8.379778146743774,78
8.39132809638977,-142
8.402650356292725,-2
8.414138555526733,115
8.425560712814331,88
8.436951160430908,129
8.448403358459473,-36
8.459529399871826,-109
8.470890998840332,52
8.482138395309448,73
8.493430614471436,35
8.50483775138855,21
8.516680717468262,-32
8.527553796768188,61
8.539071798324585,65
8.55062985420227,12
8.5617094039917,47
8.573232889175415,4
8.58443808555603,-80
8.596012830734253,8083
8.607219934463501,136
8.618589401245117,174
8.629797220230103,4
8.64132833480835,35
8.652661323547363,103
8.664019346237183,51
8.675623178482056,-4
8.686780214309692,95
8.698210954666138,115
8.709637880325317,34
8.72087574005127,-51
8.732429504394531,-87
8.743756532669067,7
8.755108118057251,7
8.766663789749146,-86
8.777801036834717,-66
8.789254665374756,-17
8.800534725189209,-4
8.812110424041748,41
8.823280096054077,117
8.834849119186401,-16356
8.845918893814087,12
8.857805728912354,-156
8.868994235992432,-102
8.880168199539185,-27
8.891404628753662,-48
8.902992725372314,-43
8.914217710494995,-87
8.925517082214355,-24
8.93700647354126,-19
8.948479175567627,-30
8.959706544876099,-88
8.971295356750488,-59
8.982503890991211,-49
8.993797779083252,25
9.005249261856079,38
9.046609878540039,-126
9.049302101135254,-140
9.052688121795654,66
9.05312991142273,-9
9.062086820602417,241
9.073590993881226,-16061
9.084760665893555,218
9.096079349517822,114
9.107492923736572,69
9.118761539459229,95
9.130139350891113,-31
9.141647577285767,25
9.152889013290405,32
9.164465427398682,-106
9.175875902175903,-201
9.18707823753357,-32
9.198513746261597,-113
9.209971189498901,-157
9.221105813980103,-44
9.233002185821533,-30
9.2439866065979,84
9.255689144134521,145
9.267102718353271,-28
9.278246641159058,-64
9.289398670196533,24
9.300972938537598,-140
9.312236547470093,-159
9.323491096496582,-70
9.335019826889038,-116
9.346256017684937,-158
9.357584714889526,-82
9.369015216827393,-87
9.38046932220459,2
9.392094373703003,-100
9.402991771697998,-4
9.414573669433594,-16
9.426007270812988,-119
9.43748664855957,-83
9.44859266281128,-10
9.460228681564331,-142
9.47167682647705,-177
9.482823848724365,-50
9.493866920471191,9
9.50557541847229,-88
9.517005681991577,-23
9.528117179870605,148
9.539497137069702,45
9.550995111465454,-137
9.562302350997925,-24
9.573646545410156,47
9.584991455078125,172
9.596516609191895,227
9.607769250869751,116
9.619074583053589,-16
9.630561113357544,-117
9.641868829727173,-81
9.653284072875977,-179
9.66488766670227,-334
9.676037788391113,-135
9.687404870986938,-130
9.698662996292114,-51
9.710097789764404,-91
9.72138524055481,48
9.732724666595459,-28
9.744362115859985,-134
9.755648136138916,-82
9.767028093338013,-77
9.778701305389404,-143
9.789901494979858,-134
9.801193237304688,97
9.812514543533325,93
9.823822498321533,-17
9.83512020111084,127
9.846526384353638,64
9.857808589935303,48
9.86948013305664,-34
9.880857467651367,-38
9.892271518707275,3
9.90345549583435,47
9.91495680809021,-13
9.926718950271606,-25
9.937444925308228,7
9.949162483215332,-70
9.960582494735718,-131
9.972222089767456,-22
9.982789993286133,43
9.994703769683838,-235
10.006285190582275,-309
10.01724886894226,-182
10.02865743637085,42
10.03977108001709,87
10.051127195358276,21
10.062592506408691,-115
10.073984384536743,-125
10.085427522659302,-111
10.096638679504395,-102
10.108014583587646,-98
10.119362831115723,72
10.130615234375,46
10.142112255096436,-32
10.1535005569458,-53
10.164799928665161,49
10.176284313201904,-29
10.187601804733276,-4
10.19913649559021,41
10.21051025390625,-45
10.221778154373169,80
10.233054876327515,74
10.244422197341919,-100
10.255815029144287,-83
10.267114877700806,-93
10.278453588485718,-28
10.289838790893555,-23
10.301276445388794,-86
10.312434673309326,65
10.324018239974976,114
10.335278987884521,27
10.346653461456299,-37
10.358081340789795,109
10.369409561157227,166
10.380693674087524,-8
10.392069101333618,82
10.403398752212524,17
10.415019750595093,-61
10.42629337310791,-77
10.43767237663269,86
10.44905686378479,50
10.460504531860352,68
10.47183895111084,-8
10.483473539352417,-121
10.494419813156128,-17
10.50579571723938,-8
10.51753044128418,7
10.528497695922852,52
10.54004979133606,-81
10.55163025856018,-13
10.5628080368042,-29
10.57416296005249,-34
10.58538556098938,-8
10.596818685531616,163
10.608303308486938,233
10.61963963508606,-42
10.631105184555054,-174
10.642616271972656,-121
10.653767347335815,24
10.665159940719604,-49
10.676375389099121,3
10.68787407875061,-117
10.699280023574829,-218
10.710645198822021,-161
10.722171783447266,-119
10.733160972595215,-7
10.744678735733032,-46
10.756107330322266,126
10.76755142211914,168
10.778664350509644,56
10.790167093276978,207
10.801685333251953,199
10.813107013702393,117
10.824264526367188,11
10.835643529891968,-49
10.846971273422241,37
10.858468770980835,67
10.869804620742798,31
10.881084442138672,63
10.892693758010864,65
10.9038987159729,53
10.91508674621582,57
10.926758766174316,111
10.937807083129883,35
10.949474811553955,-39
10.960754156112671,-14
10.972141027450562,-20
10.983542680740356,-3
10.994900465011597,1
11.006295919418335,-56
11.017719030380249,-104
11.029192447662354,-120
11.04041075706482,-78
11.051575422286987,-73
11.063034057617188,-53
11.07439112663269,-72
11.085662126541138,42
11.097034215927124,59
11.108610391616821,-4
11.119906187057495,-49
11.131077527999878,52
11.142600774765015,-70
11.153910636901855,-74
11.16537880897522,-125
11.176566362380981,63
11.188044548034668,-15
11.205159425735474,95
11.210737943649292,-40
11.22224736213684,-183
11.233566522598267,-118
11.244771003723145,89
11.256404638290405,-74
11.267651557922363,-177
11.278983354568481,-36
11.290523767471313,-22
11.301767826080322,-91
11.313130617141724,70
11.324388980865479,59
11.335895776748657,29
11.347166538238525,-34
11.358542442321777,120
11.370097398757935,151
11.381421327590942,-49
11.392677545547485,4
11.404259204864502,-76
11.415653944015503,-67
11.426772117614746,26
11.438333749771118,-7
11.449573755264282,-54
11.46111512184143,-34
11.472360134124756,-8
11.483659267425537,70
11.495060920715332,-47
11.506473779678345,-48
11.517740249633789,-21
11.529128313064575,-65
11.540694236755371,-130
11.55177903175354,28
11.563783884048462,-13
11.574584722518921,-89
11.586213111877441,-107
11.597599983215332,-184
11.608843803405762,-236
11.620279312133789,-134
11.63150930404663,36
11.642855644226074,-24
11.65422511100769,19
11.66550588607788,18
11.676877975463867,-9
11.688213109970093,25
11.6996169090271,-88
11.71127700805664,-268
11.722562313079834,-56
11.73370099067688,23
11.745233058929443,14
11.756736755371094,-26
11.767851829528809,-13
11.77927851676941,32
11.790611267089844,198
11.802247762680054,-1
11.81335711479187,-107
11.824603080749512,-4
11.836191177368164,4
11.847531080245972,-91
11.858967542648315,-64
11.870315790176392,45
11.881619215011597,-54
11.893057823181152,-32
11.90439510345459,98
11.915618658065796,29
11.927024364471436,11
11.93858027458191,110
11.94967246055603,49
11.961194038391113,35
11.972632646560669,96
11.983974933624268,-68
11.995304584503174,163
12.00661826133728,283
12.01807951927185,246
12.029507637023926,39
12.040802717208862,-59
12.052249431610107,-70
12.063513040542603,-3
12.074830532073975,98
12.08631181716919,53
12.097639560699463,-16
12.109053134918213,2
12.120951414108276,-25
12.131916046142578,-57
12.143033027648926,16
12.154528617858887,-25
12.165950775146484,-30
12.177312850952148,-70
12.188504934310913,-38
12.199974060058594,-67
12.211520910263062,-34
12.222614765167236,13
12.234045267105103,-31
12.245424032211304,80
12.256682395935059,166
12.268100261688232,97
12.279541492462158,-9
12.290821075439453,15
12.302175283432007,7
12.313597202301025,14
12.324942588806152,8
12.336373090744019,-72
12.347658157348633,-76
12.359071731567383,-45
12.370420932769775,-66
12.381794214248657,-3
12.393190622329712,134
12.404537916183472,120
12.415832996368408,43
12.427170753479004,-4
12.438887119293213,-115
12.450183868408203,58
12.461686372756958,163
12.472930669784546,59
12.484227657318115,58
12.49592924118042,-94
12.507099390029907,-14
12.51850962638855,104
12.529671430587769,73
12.541301012039185,-26
12.552651405334473,-52
12.563891172409058,-96
12.575225591659546,-70
12.58666181564331,37
12.597737073898315,77
12.609249591827393,-38
12.620699167251587,-17
12.632005453109741,-53
12.643412828445435,-140
12.654776334762573,-139
12.666069507598877,-67
12.677436828613281,-92
12.688903093338013,-105
12.700197696685791,96
12.711587190628052,-23
12.722834348678589,-32
12.734505414962769,136
12.745648860931396,51
12.757044553756714,-20
12.768284797668457,70
12.779675722122192,33
12.791094303131104,-71
12.802390336990356,45
12.81381368637085,182
12.825218677520752,116
12.836594343185425,55
12.847999811172485,107
12.859400033950806,-47
12.870683193206787,-38
12.882034301757812,51
12.89336347579956,75
12.904670715332031,63
12.916130065917969,161
12.927494049072266,189
12.93877363204956,-3
12.950159788131714,31
12.961618900299072,-19
12.973121881484985,-30
12.984309911727905,-78
12.995928764343262,-170
13.007095098495483,77
13.01867389678955,220
13.029769897460938,-1
13.041176080703735,-52
13.052480459213257,45
13.063904523849487,0
13.075548648834229,-71
13.086563348770142,6
13.098052024841309,36
13.109335899353027,53
13.120830535888672,156
13.132185697555542,-52
13.14354133605957,-70
13.154953241348267,-46
13.16619348526001,25
13.17763352394104,-55
13.189115047454834,-208
13.20045256614685,-98
13.211658716201782,12
13.223060607910156,47
13.234598636627197,-105
13.245955228805542,-85
13.278848886489868,-15
13.2825288772583,77
13.282847881317139,-70
13.29137635231018,-3
13.302622079849243,56
13.31408405303955,-38
13.325495719909668,93
13.336721181869507,76
13.348341226577759,-29
13.359367370605469,4
13.371001720428467,169
13.382384061813354,182
13.39370059967041,248
13.405092239379883,142
13.416454553604126,-56
13.427953243255615,-33
13.43917179107666,81
13.450440406799316,34
13.461991548538208,91
13.47319483757019,14
13.484530687332153,93
13.496019840240479,90
13.507458686828613,-53
13.518939733505249,-185
13.530152797698975,-57
13.541507005691528,20
13.55300498008728,-65
13.564558267593384,-100
13.575798034667969,-248
13.587083339691162,-172
13.598458051681519,113
13.609754800796509,184
13.621020555496216,36
13.632514476776123,-76
13.643941879272461,83
13.655705690383911,-123
13.666563987731934,-29
13.678011417388916,40
13.689303874969482,84
13.70061993598938,153
13.712079286575317,245
13.723449468612671,203
13.734809398651123,223
13.746285676956177,314
13.758408784866333,348
13.768882513046265,464
13.780752658843994,458
13.7917001247406,418
13.803154706954956,362
13.814535856246948,370
13.82568883895874,561
13.837189435958862,658
13.84853458404541,608
13.859943628311157,640
13.871346235275269,824
13.88260006904602,982
13.894214153289795,1172
13.90579605102539,1151
13.916819334030151,1028
13.928155899047852,1157
13.93958067893982,1352
13.950916051864624,1351
13.962530612945557,1517
13.97363829612732,1551
13.984986066818237,1670
13.996702432632446,1908
14.007951498031616,1840
14.019270896911621,1883
14.030726909637451,1947
14.041914939880371,1998
14.053410053253174,1941
14.064540386199951,2161
14.075974941253662,2210
14.08754301071167,2333
14.098761081695557,2463
14.110045194625854,2494
14.121510744094849,2633
14.132920026779175,2805
14.144283771514893,3165
14.155744314193726,3323
14.167049646377563,3267
14.178325653076172,3467
14.18974256515503,3704
14.20110297203064,3796
14.212448835372925,4076
14.223780632019043,4329
14.235238313674927,4387
14.246492624282837,4523
14.257901430130005,4731
14.269287347793579,4809
14.281054019927979,4887
14.291996240615845,5014
14.30336046218872,5087
14.314697504043579,5238
14.326151132583618,5520
14.337529420852661,5625
14.34893250465393,5624
14.360255241394043,5727
14.371776342391968,5830
14.383071899414062,6062
14.394333124160767,6169
14.406002044677734,6453
14.4170401096344,6534
14.428505420684814,6618
14.439934968948364,6968
14.451311826705933,7166
14.46254277229309,7533
14.473947525024414,7730
14.485228300094604,7821
14.496598243713379,7966
14.5079824924469,8139
14.51940655708313,8281
14.530744552612305,8507
14.542086839675903,8755
14.553488731384277,9009
14.564956665039062,9125
14.576257705688477,9286
14.587593793869019,9620
14.598967552185059,9951
14.610486268997192,9979
14.621774435043335,10175
14.633349895477295,10235
14.644620180130005,10395
14.656045198440552,10492
14.667287111282349,10600
14.678955793380737,10873
14.69016408920288,10901
14.701462984085083,10900
14.71286654472351,10986
14.724411964416504,11201
14.73546814918518,11415
14.746862173080444,11537
14.758356809616089,11711
14.769550561904907,12044
14.780999898910522,12228
14.792786359786987,12527
14.803828716278076,12926
14.815531730651855,13290
14.826409816741943,13604
14.838266134262085,13985
14.849243402481079,14288
14.860602855682373,14548
14.871971130371094,14630
14.883434057235718,14586
14.894641876220703,14506
14.906338930130005,14391
14.91759991645813,14389
14.928728580474854,14544
14.940325498580933,14828
14.951497793197632,14888
14.96284294128418,14999
14.97431206703186,15005
14.985761642456055,15221
14.996980667114258,15468
15.00839352607727,15618
15.019733190536499,15830
15.03112268447876,15947
15.043034553527832,16020
15.053930044174194,16269
15.065359592437744,16634
15.076602935791016,16701
15.087956190109253,16889
15.099359512329102,17078
15.110662937164307,17095
15.122326135635376,17054
15.133555889129639,17044
15.144970178604126,16876
15.15630292892456,16897
15.16765308380127,16876
15.178958415985107,16969
15.190438270568848,16653
15.201874494552612,16245
15.213377714157104,15990
15.22462511062622,15699
15.235742092132568,15486
15.247175931930542,15282
15.258731603622437,15010
15.270140171051025,14730
15.281381845474243,14739
15.292709827423096,14568
15.304037809371948,14191
15.31554651260376,13907
15.326689004898071,13329
15.338207244873047,12793
15.349449396133423,12372
15.360960483551025,12027
15.372516870498657,11587
15.383700847625732,11081
15.39507532119751,10713
15.40645718574524,10428
15.41784381866455,10044
15.429196119308472,9478
15.440545558929443,8978
15.451936721801758,8491
15.463328838348389,8236
15.474796295166016,8025
15.486077547073364,7728
15.497153759002686,7446
15.508548974990845,7001
15.520138502120972,6643
15.531314134597778,6372
15.542871236801147,6238
15.55447769165039,6055
15.565489768981934,5842
15.576967239379883,5577
15.588333129882812,5391
15.599675416946411,5111
15.611112117767334,4778
15.622375249862671,4673
15.633772373199463,4587
15.645337581634521,4324
15.656763076782227,4107
15.668164730072021,4045
15.679160833358765,4012
15.690507173538208,3862
15.701979160308838,3822
15.713511943817139,3763
15.7247793674469,3626
15.736377477645874,3577
15.747651100158691,3357
15.75897765159607,2935
15.77037501335144,2651
15.781558513641357,2478
15.793059349060059,2445
15.804525375366211,2127
15.81555986404419,1880
15.827120065689087,1630
15.838501691818237,1528
15.850300073623657,1435
15.861419200897217,1464
15.872721672058105,1483
15.884004831314087,1481
15.895484447479248,1436
15.906681299209595,1190
15.918238639831543,1054
15.929385423660278,886
15.940785884857178,822
15.952374696731567,660
15.963475227355957,664
15.97500729560852,494
15.986355066299438,384
15.9975266456604,197
16.008915424346924,245
16.020402431488037,149
16.03151845932007,16
16.043203353881836,41
16.054506063461304,9
16.065572500228882,10
16.077139139175415,-25
16.08870267868042,-50
16.099743843078613,9
16.111241579055786,-171
16.122779369354248,-202
16.134027004241943,-127
16.145321369171143,-139
16.156816959381104,-100
16.16799306869507,-2
16.179617643356323,-214
16.190834283828735,-60
16.20227360725403,53
16.21371817588806,-139
16.225080966949463,-340
16.236313343048096,-217
16.24779438972473,-88
16.259090900421143,-16
16.27037215232849,-59
16.281663417816162,-18
16.29316258430481,-73
16.30436897277832,-41
16.317449808120728,17
16.32715392112732,-28
16.338574171066284,-185
16.350220203399658,-208
16.361645698547363,-181
16.37276530265808,-300
16.384108781814575,-124
16.39552140235901,-31
16.40679097175598,-32
16.418168544769287,-32
16.429581880569458,-193
16.441049575805664,-61
16.45234441757202,-134
16.46367073059082,-126
16.475183248519897,-104
16.486705541610718,-131
16.497802734375,-232
16.509275197982788,-297
16.520456790924072,-377
16.53200674057007,-353
16.543219566345215,-167
16.554683208465576,-131
16.566110610961914,-195
16.57746124267578,-203
16.588706254959106,-269
16.60025906562805,-332
16.611483812332153,-140
16.622907161712646,-40
16.634467601776123,-89
16.64566135406494,-176
16.657069206237793,-104
16.668766736984253,-203
16.679815530776978,-260
16.69113326072693,-237
16.70249342918396,-259
16.714013814926147,-235
16.725271701812744,-124
16.73655891418457,-219
16.748083353042603,-198
16.759372234344482,-62
16.77069616317749,-46
16.78240990638733,-143
16.793652534484863,-120
16.804800987243652,-163
16.816160440444946,-86
16.827675819396973,-150
16.83908486366272,-195
16.85025691986084,-122
16.86172342300415,-204
16.87321376800537,-213
16.884547233581543,-175
16.895759105682373,-279
16.907330989837646,-363
16.91858983039856,-334
16.929901838302612,-275
16.941231727600098,-257
16.952693223953247,-165
16.963960886001587,-96
16.975561380386353,-49
16.986910581588745,-52
16.998183012008667,-245
17.00952649116516,-372
17.020935535430908,-197
17.032428741455078,-325
17.043697357177734,-316
17.055001735687256,-116
17.066661596298218,-161
17.077809810638428,-159
17.08917737007141,-273
17.100589752197266,-411
17.112033367156982,-410
17.12344741821289,-133
17.13505506515503,-159
17.146214723587036,-174
17.157365083694458,-209
17.1687171459198,-231
17.180188179016113,-321
17.191603183746338,-367
17.202802419662476,-334
17.21422052383423,-324
17.22559642791748,-283
17.237213611602783,-168
17.24834680557251,-246
17.26023817062378,-365
17.27123999595642,-312
17.282685041427612,-182
17.293880701065063,-197
17.30514407157898,-271
17.316465377807617,-484
17.328203678131104,-179
17.339423894882202,-285
17.35083246231079,-483
17.362049102783203,-402
17.373466968536377,-356
17.384726762771606,-317
17.400158882141113,-255
17.407602548599243,-29
17.420621633529663,-25
17.430341720581055,-126
17.441640615463257,-155
17.453298091888428,-211
17.464619636535645,-404
17.47567343711853,-376
17.487181186676025,-281
17.498672246932983,-266
17.51016664505005,-386
17.521461725234985,-151
17.532811641693115,-14
17.543869018554688,-125
17.55535054206848,-205
17.5667085647583,-199
17.5779767036438,-407
17.589349269866943,-369
17.60071587562561,-359
17.612067699432373,-470
17.62368083000183,-442
17.63480043411255,-271
17.64634394645691,-333
17.657819032669067,-334
17.66910195350647,-389
17.680680990219116,-416
17.691710472106934,-198
17.703070640563965,-55
17.714508295059204,-163
17.725724935531616,-269
17.737131118774414,-294
17.748636722564697,-172
17.760024547576904,-71
17.771487712860107,-269
17.782907009124756,-204
17.794686317443848,-142
17.805847883224487,-265
17.81693410873413,-279
17.82840871810913,-240
17.839702606201172,-192
17.85122275352478,-206
17.86246347427368,-358
17.873868703842163,-457
17.885024785995483,-430
17.896612405776978,-288
17.907816648483276,-285
17.91972327232361,-215
17.930680751800537,-237
17.94194459915161,-295
17.953421115875244,-314
17.9646737575531,-365
17.976237535476685,-260
17.987544775009155,-95
17.99883794784546,-192
18.01018786430359,-309
18.02153515815735,-345
18.032883167266846,-234
18.044468879699707,-116
18.05555772781372,-77
18.066969394683838,-261
18.07843804359436,-243
18.089800357818604,-274
18.10113000869751,-264
18.112581253051758,-329
18.123860597610474,-373
18.135228157043457,-354
18.14656376838684,-443
18.158018827438354,-477
18.16937565803528,-354
18.18059229850769,-254
18.19209051132202,-188
18.20333433151245,-259
18.21477746963501,-346
18.226340532302856,-238
18.237532138824463,-234
18.24898862838745,-264
18.260390758514404,-387
18.271886825561523,-540
18.282994508743286,-504
18.294328212738037,-574
18.305870532989502,-572
18.31715202331543,-286
18.32839322090149,-343
18.3402738571167,-303
18.351190328598022,-360
18.36268949508667,-366
18.37415313720703,-375
18.385477542877197,-303
18.397117376327515,-386
18.408205032348633,-324
18.41963839530945,-301
18.430930137634277,-362
18.442200183868408,-333
18.453475952148438,-336
18.464885473251343,-299
18.47660255432129,-172
18.487644910812378,-397
18.499262809753418,-391
18.510616064071655,-341
18.52184009552002,-315
18.533321142196655,-242
18.544550895690918,-238
18.55598473548889,-325
18.56750798225403,-395
18.578587293624878,-408
18.59009337425232,-358
18.60157823562622,-280
18.612673044204712,-438
18.62432551383972,-230
18.63555097579956,-174
18.64691948890686,-417
18.658289670944214,-465
18.669663906097412,-403
18.681034564971924,-237
18.692237854003906,-55
18.703556776046753,-59
18.715160131454468,-298
18.726605653762817,-387
18.73787832260132,-315
18.749356031417847,-307
18.760631561279297,-282
18.77193546295166,-217
18.783329725265503,-286
18.794792652130127,-287
18.806249856948853,-384
18.81763529777527,-237
18.828876733779907,-201
18.840064525604248,-94
18.851484298706055,-169
18.862858057022095,-155
18.874414920806885,-125
18.885543823242188,-215
18.897154569625854,-442
18.90830421447754,-414
18.9197256565094,-385
18.931086778640747,-200
18.942384481430054,-82
18.953845977783203,-213
18.965223789215088,-159
18.976593255996704,-221
18.988086223602295,-263
18.99932050704956,-244
19.01062774658203,-197
19.022191047668457,-219
19.03370237350464,-363
19.044790983200073,-311
19.056224822998047,-271
19.067497968673706,-177
19.080158948898315,-283
19.090234756469727,-349
19.101644277572632,-333
19.11582326889038,-235
19.1243736743927,-305
19.135913848876953,-360
19.14711093902588,-277
19.15846085548401,-337
19.169870615005493,-273
19.181403398513794,-199
19.19279408454895,-200
19.204313278198242,-229
19.215522289276123,-93
19.226585149765015,-45
19.238186836242676,-224
19.249476194381714,-372
19.26076602935791,-283
19.272249937057495,-298
19.283549547195435,-210
19.294978380203247,-265
19.306280851364136,-328
19.3177809715271,-215
19.329343795776367,-259
19.340477466583252,-167
19.35179042816162,-248
19.36321496963501,-367
19.374645471572876,-215
19.386005401611328,-292
19.397204160690308,-301
19.408715963363647,-262
19.420068502426147,-318
19.43142080307007,-269
19.442841053009033,-239
19.45419192314148,-238
19.465469360351562,-338
19.494118213653564,-327
19.494805574417114,-200
19.4995436668396,-234
19.511150598526,-398
19.522579431533813,-379
19.534204959869385,-198
19.54537057876587,-265
19.55696988105774,-283
19.56810975074768,-280
19.57947325706482,-367
19.590681552886963,-403
19.602322578430176,-268
19.613537311553955,-312
19.62483859062195,-233
19.636332750320435,-79
19.64769458770752,-45
19.65905785560608,-245
19.670205116271973,-277
19.681684732437134,-278
19.693105459213257,-189
19.70440649986267,-247
19.71567964553833,-342
19.72706413269043,-223
19.738391160964966,-302
19.749942779541016,-376
19.761120080947876,-374
19.77247190475464,-333
19.783840894699097,-229
19.795219659805298,-193
19.806740760803223,-341
19.818111658096313,-411
19.829442262649536,-311
19.84081196784973,-284
19.852089405059814,-176
19.863515615463257,-170
19.87499213218689,-194
19.886385917663574,-295
19.897840976715088,-132
19.909175872802734,-155
19.920599937438965,-301
19.931876182556152,-419
19.94360899925232,-484
19.954561710357666,-327
19.96594762802124,-295
19.977314949035645,-244
19.988609075546265,-234
20.000112771987915,-309
20.011359214782715,-498
20.02286696434021,-485
20.03438639640808,-273
20.045395612716675,-180
20.05682134628296,-253
20.0682635307312,-474
20.07957172393799,-328
20.091063022613525,-47
20.102334022521973,-30
20.113605737686157,-93
20.125149726867676,-198
20.13676404953003,-420
20.14794421195984,-352
20.159342050552368,-184
20.17054533958435,-188
20.181984663009644,-289
20.19336724281311,-286
20.2046537399292,-345
20.216105699539185,-302
20.227314233779907,-374
20.23871397972107,-312
20.25029444694519,-212
20.261406898498535,-333
20.273164987564087,-238
20.284284353256226,-162
20.295511960983276,-303
20.307101249694824,-345
20.318413972854614,-253
20.32977604866028,-161
20.341089010238647,-142
20.352705717086792,-243
20.363821744918823,-250
20.375331163406372,-385
20.38677978515625,-298
20.39799189567566,-220
20.40927004814148,-184
20.420811891555786,-192
20.43204975128174,-200
20.443464279174805,-347
20.454724073410034,-319
20.466174602508545,-290
20.477657079696655,-215
20.489171743392944,-110
20.500447034835815,-226
20.51161289215088,-243
20.522987604141235,-179
20.53431272506714,-125
20.545735597610474,-252
20.55708336830139,-169
20.56859254837036,-87
20.579800844192505,-303
20.59129786491394,-380
20.60255718231201,-413
20.613975524902344,-389
20.625446319580078,-345
20.63695764541626,-185
20.64819025993347,-229
20.659655332565308,-434
20.670907735824585,-363
20.68222713470459,-375
20.693603992462158,-280
20.704979181289673,-82
20.716114282608032,13
20.72773051261902,-176
20.73919916152954,-299
20.75053358078003,-287
20.761852264404297,-261
20.773331880569458,-220
20.784701347351074,-312
20.79598307609558,-322
20.80730891227722,-202
20.81873393058777,-215
20.83005690574646,-361
20.8414626121521,-250
20.852680206298828,70
20.864259958267212,-109
20.875675916671753,-341
20.886934280395508,-214
20.898148775100708,-78
20.909562587738037,-143
20.9209942817688,-253
20.932420015335083,-129
20.94381332397461,-327
20.955090522766113,-281
20.966339349746704,-42
20.977901697158813,-291
20.989200830459595,-201
21.000701427459717,-179
21.01212739944458,-393
21.024152517318726,-333
21.034711837768555,-256
21.046048641204834,-345
21.057343244552612,-231
21.068832874298096,-296
21.080209016799927,-242
21.091604232788086,-339
21.102929830551147,-275
21.114365577697754,-199
21.125656127929688,-177
21.137009143829346,-216
21.14863395690918,-276
21.159749269485474,-448
21.171143531799316,-478
21.182543754577637,-212
21.193787813186646,-354
21.205315828323364,-293
21.216687440872192,-257
21.228171348571777,-152
21.239334106445312,-183
21.250881671905518,-336
21.26225185394287,-324
21.273529291152954,-375
21.285021543502808,-361
21.29620122909546,-391
21.30779457092285,-369
21.31908130645752,-185
21.330259799957275,-126
21.341713666915894,-280
